{
    "model_name": "Ensemble (Soft Voting)",
    "roc_auc": 0.8434808442481077,
    "f1_score": 0.6144578313253012,
    "precision": 0.5592105263157895,
    "recall": 0.6818181818181818,
    "accuracy": 0.772888573456352,
    "confusion_matrix": [
        [
            834,
            201
        ],
        [
            119,
            255
        ]
    ],
    "train_date": "2025-02-24 18:55:49"
}